"","Estimate","Std. Error","t value","Pr(>|t|)"
"(Intercept)",99.9882999836433,11.8735645334157,8.42108531959773,6.70786190524935e-16
"potrosnja",-0.599309098184942,0.0183026691305753,-32.7443551489314,2.30721511369499e-115
"proizvodnja",0.719152651316721,0.0187814556058416,38.2905705718061,5.13438170408394e-136
